event_id,direction,event,resource_type,resource_id,occurred_at,payload,signature,processing_status,attempts,idempotency_key,trace_id,created_at,updated_at
4e8aad3a-0a86-4483-b67a-06846cc139ee,outbound,kyc.updated,contract,1c1065e8-2740-41a0-b49d-911fb0b322a2,2025-09-26T12:00:00,"{""ok"": true}",,pending,2,IK-72679416-3,seed-inss-based,2025-10-04T12:00:00,2025-10-04T12:00:00
e277e571-7f4d-4abd-8bba-256a767a726f,inbound,payment.settled,kyc,bfa15b3a-f907-4e70-87ca-3e1d813bdb88,2025-09-07T12:00:00,"{""ok"": true}",,processed,3,IK-99254c39-6,seed-inss-based,2025-10-04T12:00:00,2025-10-04T12:00:00
703c00f4-7dec-4360-87ca-9ab911c6dd02,inbound,payment.settled,disbursement,d785ec25-d228-4d7a-b785-0b40d6e5306f,2025-09-13T12:00:00,"{""ok"": true}",,processed,0,IK-084c9f78-c,seed-inss-based,2025-10-04T12:00:00,2025-10-04T12:00:00
1eda459e-2b21-4a8b-88c5-035778fc343c,inbound,kyc.updated,payment,c4e0e964-5ee7-49f9-8973-c8e643210401,2025-10-01T12:00:00,"{""ok"": true}",,processed,0,IK-510ad1bd-7,seed-inss-based,2025-10-04T12:00:00,2025-10-04T12:00:00
a7f1298d-3bd7-4a84-be78-786aaeacde36,inbound,payment.settled,kyc,c43b2693-76b0-4d62-8160-500e40836e3e,2025-09-26T12:00:00,"{""ok"": true}",,processed,1,IK-c62b45f6-a,seed-inss-based,2025-10-04T12:00:00,2025-10-04T12:00:00
5f01126a-516a-4ad1-9e04-f90b0bed4145,outbound,disbursement.settled,payment,e3d33f8b-0bc9-44d8-8b8c-4507c961fea5,2025-09-23T12:00:00,"{""ok"": true}",,pending,0,IK-df7531f9-7,seed-inss-based,2025-10-04T12:00:00,2025-10-04T12:00:00
b5cdd6e5-2a40-4716-a619-1b7cd78b5144,outbound,contract.signed,kyc,eafd3185-075f-4431-9f1a-d64e523e4fea,2025-10-04T12:00:00,"{""ok"": true}",,processed,1,IK-19d5405b-a,seed-inss-based,2025-10-04T12:00:00,2025-10-04T12:00:00
d094cc37-bd86-4b76-9903-d46f0930f72a,inbound,payment.settled,disbursement,39718d3c-fade-4eb5-bb29-b364e8e88e0b,2025-09-30T12:00:00,"{""ok"": true}",,pending,0,IK-e5403711-9,seed-inss-based,2025-10-04T12:00:00,2025-10-04T12:00:00
1a648088-61b1-495d-a60e-435ed7553563,inbound,contract.signed,contract,3e81d037-79b8-4e88-b7db-eb06940d16bc,2025-10-04T12:00:00,"{""ok"": true}",,processed,2,IK-dc7202cb-0,seed-inss-based,2025-10-04T12:00:00,2025-10-04T12:00:00
5f7b2745-616e-4d21-9eaf-e42cfe573953,outbound,payment.settled,payment,087b23da-9cd7-4d04-994d-eab462a03420,2025-09-15T12:00:00,"{""ok"": true}",,pending,3,IK-2a71ea8c-5,seed-inss-based,2025-10-04T12:00:00,2025-10-04T12:00:00
0daec0bb-da34-46d1-a02b-4df7f33231dc,inbound,disbursement.settled,kyc,456fdf34-19ee-407e-8545-446a38ca2376,2025-09-28T12:00:00,"{""ok"": true}",,pending,0,IK-40a3459d-d,seed-inss-based,2025-10-04T12:00:00,2025-10-04T12:00:00
5caf8d66-36d8-4e3a-aaad-1f86d02417cd,outbound,kyc.updated,disbursement,6a59f546-547f-4149-b791-2da72d3a4b78,2025-10-04T12:00:00,"{""ok"": true}",,processed,2,IK-36c55890-0,seed-inss-based,2025-10-04T12:00:00,2025-10-04T12:00:00
a7d7c39e-2a5f-4366-ace5-5dae7167a78c,inbound,disbursement.settled,payment,f7eb55bc-0039-43ef-8060-93be39ded654,2025-09-12T12:00:00,"{""ok"": true}",,pending,3,IK-416e7c0a-f,seed-inss-based,2025-10-04T12:00:00,2025-10-04T12:00:00
89c3e467-1295-41d9-9ef3-9c751f22b2ef,inbound,payment.settled,kyc,3b75c872-95ca-44ce-9181-0d65b0093cd2,2025-09-19T12:00:00,"{""ok"": true}",,processed,1,IK-ed491465-d,seed-inss-based,2025-10-04T12:00:00,2025-10-04T12:00:00
12e2a7c2-2b25-4385-8f9e-345f8e3ff6b5,outbound,kyc.updated,disbursement,7bb1e77a-7643-47d5-a09b-9624e19e7237,2025-09-18T12:00:00,"{""ok"": true}",,processed,2,IK-8a9d0fd6-2,seed-inss-based,2025-10-04T12:00:00,2025-10-04T12:00:00
3666338b-afd5-42c5-9226-fa3dcbc27660,inbound,payment.settled,disbursement,7d881504-fe7b-4a16-b5e9-63a3bbe9d907,2025-09-16T12:00:00,"{""ok"": true}",,pending,2,IK-0b87eea4-7,seed-inss-based,2025-10-04T12:00:00,2025-10-04T12:00:00
7ee369b9-9a74-40a9-8092-4e182a64a38b,inbound,payment.settled,payment,6ab5db75-96e2-448e-9f97-a879dcf7aa44,2025-09-25T12:00:00,"{""ok"": true}",,pending,2,IK-bcd94f1a-8,seed-inss-based,2025-10-04T12:00:00,2025-10-04T12:00:00
26d64bbf-342e-4e1d-92b2-a8d24323a024,outbound,contract.signed,kyc,4f31f255-7254-417e-8449-962f28c13e2a,2025-09-06T12:00:00,"{""ok"": true}",,processed,3,IK-83770511-8,seed-inss-based,2025-10-04T12:00:00,2025-10-04T12:00:00
51166282-c749-43ea-bbaf-b6d63a8b5011,inbound,payment.settled,payment,b9467030-0e99-4c26-9a2a-52a11d1d5ab7,2025-09-26T12:00:00,"{""ok"": true}",,processed,3,IK-171c5c38-2,seed-inss-based,2025-10-04T12:00:00,2025-10-04T12:00:00
cf21bd56-ac7f-4087-92a6-b44f31a224c5,inbound,disbursement.settled,kyc,f6c3b120-84b4-4819-b8aa-6b00d28107af,2025-09-14T12:00:00,"{""ok"": true}",,processed,3,IK-60441662-b,seed-inss-based,2025-10-04T12:00:00,2025-10-04T12:00:00
d4cce687-4437-4165-b797-e03d99088178,outbound,payment.settled,disbursement,75b40dcb-d7da-42e0-9c86-86d6a39915bf,2025-09-30T12:00:00,"{""ok"": true}",,processed,1,IK-9807f7c4-6,seed-inss-based,2025-10-04T12:00:00,2025-10-04T12:00:00
96830667-40ea-48a8-ada1-3538c3c94ab6,outbound,kyc.updated,kyc,069c631a-24dc-4b06-8eb7-88167cd3c062,2025-09-08T12:00:00,"{""ok"": true}",,processed,0,IK-71292627-1,seed-inss-based,2025-10-04T12:00:00,2025-10-04T12:00:00
b79e9b55-1b4b-4398-ae4d-cdc74b6458ec,inbound,contract.signed,payment,b79562ad-982a-4ce0-b1d0-5807ffe005ce,2025-09-29T12:00:00,"{""ok"": true}",,pending,0,IK-acb54be8-c,seed-inss-based,2025-10-04T12:00:00,2025-10-04T12:00:00
0a3039f6-f9e7-4cb6-b8ec-01e6c9b061a4,outbound,contract.signed,payment,f9cdde7f-22a0-4b32-9b98-5412c2e49f02,2025-09-10T12:00:00,"{""ok"": true}",,processed,2,IK-8380d954-d,seed-inss-based,2025-10-04T12:00:00,2025-10-04T12:00:00
b657c061-464f-4e64-b6b3-43a4f92cfb6d,outbound,disbursement.settled,kyc,3038c93b-e59c-4f98-a22a-6e1f3113f149,2025-09-28T12:00:00,"{""ok"": true}",,processed,0,IK-d26ed88f-c,seed-inss-based,2025-10-04T12:00:00,2025-10-04T12:00:00
7dcd8110-8b87-45cd-b53a-7087b614081d,outbound,contract.signed,kyc,ef53408d-2410-4e39-ba12-6c5b41a1e0b6,2025-09-11T12:00:00,"{""ok"": true}",,processed,3,IK-2f4dac4f-3,seed-inss-based,2025-10-04T12:00:00,2025-10-04T12:00:00
13a969b3-02f0-4fd2-b10e-bba1a9c93fd1,inbound,kyc.updated,payment,2f38fbf3-3ae3-477d-8b6f-e4ba0a7300bc,2025-09-25T12:00:00,"{""ok"": true}",,pending,0,IK-f3e4207a-a,seed-inss-based,2025-10-04T12:00:00,2025-10-04T12:00:00
0d11363b-77af-4089-8f99-8be4d8dd0550,inbound,payment.settled,payment,d5aa1bd1-2513-4f62-ac6f-2c1041f972c9,2025-09-20T12:00:00,"{""ok"": true}",,pending,0,IK-a684e082-9,seed-inss-based,2025-10-04T12:00:00,2025-10-04T12:00:00
720b2043-9ac2-40a8-958b-65dc79e06211,outbound,contract.signed,disbursement,49a5d1b3-aa5e-49e8-9b9a-e3e27afede46,2025-10-03T12:00:00,"{""ok"": true}",,processed,2,IK-1f68de33-9,seed-inss-based,2025-10-04T12:00:00,2025-10-04T12:00:00
cbab4788-78f0-426f-bbba-19a60889fc5d,inbound,kyc.updated,kyc,31fb2251-11e6-4024-8b2d-89c78e4f03b9,2025-09-28T12:00:00,"{""ok"": true}",,processed,3,IK-d2ff37fd-c,seed-inss-based,2025-10-04T12:00:00,2025-10-04T12:00:00
183ee163-0a63-4417-b720-ca3ff5e747bc,outbound,disbursement.settled,kyc,7ac5fdba-2a41-417f-a031-77a8be3e578b,2025-09-19T12:00:00,"{""ok"": true}",,pending,0,IK-7fbc1cf5-d,seed-inss-based,2025-10-04T12:00:00,2025-10-04T12:00:00
b668b806-e13b-45c7-b691-baf9812e3dde,outbound,payment.settled,disbursement,6b336621-a749-45df-b835-2d849f21e4af,2025-09-17T12:00:00,"{""ok"": true}",,processed,0,IK-844ed1eb-6,seed-inss-based,2025-10-04T12:00:00,2025-10-04T12:00:00
f7db6b83-1c34-4678-9ad2-f9a5fb5a6121,inbound,contract.signed,contract,19631da8-39b0-49c2-a10f-c93d06879b6d,2025-09-25T12:00:00,"{""ok"": true}",,processed,2,IK-0ba3327d-4,seed-inss-based,2025-10-04T12:00:00,2025-10-04T12:00:00
679520a2-405d-4251-9233-5c33a1eb6f0a,inbound,payment.settled,payment,2567de6f-80b9-4e49-9735-1c6e6dcb4033,2025-09-11T12:00:00,"{""ok"": true}",,processed,2,IK-1943d7dc-2,seed-inss-based,2025-10-04T12:00:00,2025-10-04T12:00:00
396efab0-f457-49c1-ac32-e815c5c466d9,outbound,payment.settled,contract,ce970660-18c4-4d57-b945-050af8e83436,2025-09-26T12:00:00,"{""ok"": true}",,pending,0,IK-b10017c8-5,seed-inss-based,2025-10-04T12:00:00,2025-10-04T12:00:00
f1f7b294-bb8b-4f40-abf2-b45723966b22,inbound,disbursement.settled,payment,d44059f0-9884-4264-be83-0a00f4ed9a3f,2025-09-08T12:00:00,"{""ok"": true}",,pending,3,IK-cd9ad4a1-a,seed-inss-based,2025-10-04T12:00:00,2025-10-04T12:00:00
85f40a1e-eb7c-4e6f-81f3-f6ca3d66c7ae,inbound,disbursement.settled,contract,ddaf6c30-d583-4c9f-a8a3-62eaa489aecb,2025-09-20T12:00:00,"{""ok"": true}",,pending,0,IK-65412240-d,seed-inss-based,2025-10-04T12:00:00,2025-10-04T12:00:00
e049e29b-19ff-44ef-9173-a438996c1289,inbound,disbursement.settled,payment,ce4d8cb3-6a18-4e6f-aaa4-ee9d92e2a05e,2025-09-05T12:00:00,"{""ok"": true}",,processed,3,IK-1fa70f58-7,seed-inss-based,2025-10-04T12:00:00,2025-10-04T12:00:00
38c6297f-0115-4128-8a60-4814ff7ad39b,inbound,kyc.updated,disbursement,ec42532f-4ab2-4abe-8d10-9de312116253,2025-10-03T12:00:00,"{""ok"": true}",,pending,3,IK-2229e63d-9,seed-inss-based,2025-10-04T12:00:00,2025-10-04T12:00:00
b7e72fee-0766-4c2c-84ec-6d4bb6b92124,inbound,contract.signed,payment,f886cfb0-ce8f-4ec1-9009-c937fa1be259,2025-09-17T12:00:00,"{""ok"": true}",,pending,3,IK-c481d3d2-0,seed-inss-based,2025-10-04T12:00:00,2025-10-04T12:00:00
b4bc5c66-49ad-4d42-8a41-6f0f7cbb909d,inbound,kyc.updated,contract,44240af9-2ce2-4231-a6ef-6e25a9118b10,2025-09-10T12:00:00,"{""ok"": true}",,processed,3,IK-1072dfe1-7,seed-inss-based,2025-10-04T12:00:00,2025-10-04T12:00:00
68f75c93-315e-42bd-a2ba-2d025db08cff,outbound,contract.signed,contract,a77c549d-29e4-4105-a93a-c29a7ee00c95,2025-09-22T12:00:00,"{""ok"": true}",,processed,3,IK-f12ac506-a,seed-inss-based,2025-10-04T12:00:00,2025-10-04T12:00:00
edd7f5ad-3cf3-49f2-b357-13bf4e71ee56,outbound,kyc.updated,disbursement,5e2fcc47-932f-4798-9aa1-c96c34fd4c14,2025-09-27T12:00:00,"{""ok"": true}",,pending,1,IK-5bc925f9-4,seed-inss-based,2025-10-04T12:00:00,2025-10-04T12:00:00
4c1fd731-5ffa-4c4d-86bb-3b1fa2ae78ca,inbound,contract.signed,contract,d1e04398-b471-491d-839a-e2461697ab22,2025-09-27T12:00:00,"{""ok"": true}",,pending,0,IK-e5784ffd-c,seed-inss-based,2025-10-04T12:00:00,2025-10-04T12:00:00
cdf8b93b-cd6f-49e8-a0a8-0d891e2bfd77,inbound,disbursement.settled,payment,ceb5202c-758e-4b5a-8063-e2431945e7bb,2025-09-16T12:00:00,"{""ok"": true}",,processed,0,IK-71d09661-3,seed-inss-based,2025-10-04T12:00:00,2025-10-04T12:00:00
4a1dde74-b5f2-444e-8f36-d3610b0b7ae2,inbound,payment.settled,payment,67764c9f-9d1a-4eb5-8eee-8d9fb34e41eb,2025-09-05T12:00:00,"{""ok"": true}",,processed,2,IK-16e304d7-a,seed-inss-based,2025-10-04T12:00:00,2025-10-04T12:00:00
98b1fc27-feb6-4e9d-b015-f56b53e1a0da,inbound,disbursement.settled,contract,744d3ff3-7bce-4383-830c-3637846b3907,2025-09-24T12:00:00,"{""ok"": true}",,processed,3,IK-89ec33ca-8,seed-inss-based,2025-10-04T12:00:00,2025-10-04T12:00:00
93308a49-6edc-46ce-9aa1-fbae36812df6,inbound,kyc.updated,kyc,fc8b6be7-5432-4bdb-bee0-efb47783710f,2025-09-30T12:00:00,"{""ok"": true}",,pending,2,IK-c14efd09-1,seed-inss-based,2025-10-04T12:00:00,2025-10-04T12:00:00
5c65081f-b5c4-4e1e-b4e6-b98f0e521cb0,outbound,kyc.updated,kyc,401eba9a-b14d-4a66-9e2a-9d9ce1edfaee,2025-09-11T12:00:00,"{""ok"": true}",,processed,2,IK-4e30a6c5-b,seed-inss-based,2025-10-04T12:00:00,2025-10-04T12:00:00
6d382c8c-7033-4657-bdb8-aa1e78067450,outbound,contract.signed,disbursement,7b5c442d-cafe-45f1-a1b7-d026d17c6dc8,2025-09-23T12:00:00,"{""ok"": true}",,processed,0,IK-78dfae84-3,seed-inss-based,2025-10-04T12:00:00,2025-10-04T12:00:00
25609e5c-d789-4242-b164-757840a706fa,outbound,disbursement.settled,contract,b710106c-54b2-470e-ae2b-6f1539c58907,2025-09-16T12:00:00,"{""ok"": true}",,pending,2,IK-ea2049d9-e,seed-inss-based,2025-10-04T12:00:00,2025-10-04T12:00:00
b9f02c17-e372-4586-bad4-cc0991879b6f,outbound,kyc.updated,kyc,5d44b9cc-569c-4caa-bee7-c748fa2fb1d0,2025-09-29T12:00:00,"{""ok"": true}",,pending,3,IK-e0c0f9ca-7,seed-inss-based,2025-10-04T12:00:00,2025-10-04T12:00:00
4c031964-b1d3-4ebe-a9f0-dc350f3345fd,inbound,payment.settled,disbursement,6013a079-7f50-4fac-b5df-ef67e50010b0,2025-09-20T12:00:00,"{""ok"": true}",,processed,3,IK-d4ae5c06-a,seed-inss-based,2025-10-04T12:00:00,2025-10-04T12:00:00
c596f6a7-8438-4be2-b7ab-b6378920d67d,inbound,contract.signed,payment,ed328100-4bfe-4941-92f5-458e3c3c75b5,2025-09-23T12:00:00,"{""ok"": true}",,processed,2,IK-99e88d1d-6,seed-inss-based,2025-10-04T12:00:00,2025-10-04T12:00:00
52166e0b-a546-45f5-9325-f44a729cb93e,outbound,payment.settled,contract,26e0639f-b570-4c72-aba1-9a43175e8c9d,2025-09-18T12:00:00,"{""ok"": true}",,pending,0,IK-4a955322-9,seed-inss-based,2025-10-04T12:00:00,2025-10-04T12:00:00
783c3f51-5ccb-4e8e-9edf-2fa88186d689,outbound,payment.settled,payment,420a5ff7-88db-4317-8140-c5ac5dad9168,2025-09-12T12:00:00,"{""ok"": true}",,pending,0,IK-1e17ee22-0,seed-inss-based,2025-10-04T12:00:00,2025-10-04T12:00:00
ac9f42b0-c531-446d-9631-a3be11d7bc22,inbound,payment.settled,disbursement,3d91a2ca-0e4d-4d88-9c25-4155e65f56e7,2025-09-14T12:00:00,"{""ok"": true}",,pending,1,IK-416dc0e7-a,seed-inss-based,2025-10-04T12:00:00,2025-10-04T12:00:00
56f654ab-10da-424d-898c-fe78b4798936,inbound,payment.settled,disbursement,7f51b78c-8d1d-41f2-89d5-a2702f2f5d43,2025-09-26T12:00:00,"{""ok"": true}",,processed,0,IK-7b0c97a9-f,seed-inss-based,2025-10-04T12:00:00,2025-10-04T12:00:00
dd9bc4e6-401e-4fe8-8197-ac50a5274e0b,outbound,payment.settled,payment,31368a1b-6e04-4241-9da1-a080b5a70f7b,2025-10-03T12:00:00,"{""ok"": true}",,pending,1,IK-58b237eb-3,seed-inss-based,2025-10-04T12:00:00,2025-10-04T12:00:00
1a121c6e-7b58-47b8-82b5-20f8a49c32c6,inbound,payment.settled,disbursement,be098ff8-bfc0-42c9-8fe2-8a2206ab706b,2025-09-06T12:00:00,"{""ok"": true}",,pending,0,IK-127ebea9-0,seed-inss-based,2025-10-04T12:00:00,2025-10-04T12:00:00
84c9f5f8-e752-458f-b3cd-a99445c37806,inbound,payment.settled,disbursement,1e8db144-e903-40da-a47c-9b4991001b36,2025-09-12T12:00:00,"{""ok"": true}",,processed,2,IK-7dfdeb31-b,seed-inss-based,2025-10-04T12:00:00,2025-10-04T12:00:00
b18a53c0-67f5-4337-bfb9-26159f472cf9,outbound,payment.settled,disbursement,e6e62682-447b-4f06-ae8e-e9fabcebaca6,2025-09-24T12:00:00,"{""ok"": true}",,pending,1,IK-7fdf706d-e,seed-inss-based,2025-10-04T12:00:00,2025-10-04T12:00:00
8356625f-9fdf-48b3-ac49-a7a3869f216c,outbound,payment.settled,kyc,088a4c8c-8ebb-49cb-8f6a-8a88369368c2,2025-09-23T12:00:00,"{""ok"": true}",,processed,3,IK-8f18732a-8,seed-inss-based,2025-10-04T12:00:00,2025-10-04T12:00:00
24e0185a-0544-4479-920a-efe64a30b6ef,inbound,payment.settled,contract,8fde3a00-b7d0-46df-8d91-c07b89143b61,2025-09-08T12:00:00,"{""ok"": true}",,processed,2,IK-c4429f21-a,seed-inss-based,2025-10-04T12:00:00,2025-10-04T12:00:00
706a3ffc-cd0e-4877-afb2-e4a54b8feece,outbound,kyc.updated,payment,c3b701b9-78dd-472a-96ff-12a7322ea11c,2025-09-07T12:00:00,"{""ok"": true}",,processed,1,IK-aafdcc6b-3,seed-inss-based,2025-10-04T12:00:00,2025-10-04T12:00:00
5f5faf11-a9b6-4c38-a46e-837d752a6b42,inbound,disbursement.settled,kyc,1200bf2c-214f-4bb3-8a95-076cbae5b572,2025-09-08T12:00:00,"{""ok"": true}",,processed,0,IK-2238c671-8,seed-inss-based,2025-10-04T12:00:00,2025-10-04T12:00:00
5aef90e8-32ac-4484-8b3f-8ddb75199f76,inbound,disbursement.settled,disbursement,1ddc2e92-c082-4f14-bf7c-dbfc1e179655,2025-09-27T12:00:00,"{""ok"": true}",,pending,0,IK-9dad3199-7,seed-inss-based,2025-10-04T12:00:00,2025-10-04T12:00:00
3be2e81f-c2a0-4889-b3ca-106e1c2057ce,inbound,kyc.updated,kyc,f6b52dca-a177-42f3-8059-9ee3bf95cff0,2025-09-05T12:00:00,"{""ok"": true}",,pending,0,IK-1c3006fb-8,seed-inss-based,2025-10-04T12:00:00,2025-10-04T12:00:00
dc77aa7d-13c5-477b-8f8c-2a6d8de9fbf0,outbound,payment.settled,payment,44f19093-c596-4bf1-bfb2-05383f654e1b,2025-09-29T12:00:00,"{""ok"": true}",,processed,3,IK-6ccf7f12-0,seed-inss-based,2025-10-04T12:00:00,2025-10-04T12:00:00
318a5266-430c-48d5-b996-f1ab4c4d0622,outbound,contract.signed,kyc,ebcf4d99-469b-4444-9820-ee04af4be04c,2025-09-17T12:00:00,"{""ok"": true}",,processed,0,IK-8c8b31a4-c,seed-inss-based,2025-10-04T12:00:00,2025-10-04T12:00:00
e5c09313-6aef-4a8f-90b4-6980f745ca9c,outbound,contract.signed,disbursement,f202a82f-0497-4433-ab35-d7c7dd84ed98,2025-09-26T12:00:00,"{""ok"": true}",,processed,2,IK-061ad90b-4,seed-inss-based,2025-10-04T12:00:00,2025-10-04T12:00:00
1169c908-8f94-4f6e-83c0-78445830db8d,inbound,disbursement.settled,contract,93531279-3550-45a1-8586-b9b82b1b738c,2025-09-05T12:00:00,"{""ok"": true}",,processed,0,IK-66a4317d-6,seed-inss-based,2025-10-04T12:00:00,2025-10-04T12:00:00
a416fa47-ea02-4525-b7ba-0371f208d15c,inbound,disbursement.settled,payment,20fbb909-6923-4250-9eca-62222b35c4c0,2025-09-04T12:00:00,"{""ok"": true}",,pending,3,IK-dc9cd759-6,seed-inss-based,2025-10-04T12:00:00,2025-10-04T12:00:00
580206c4-e5eb-4842-ab84-7fd7ab27ece7,inbound,contract.signed,kyc,b5d4bb66-7317-47e1-9194-1a76e735831c,2025-09-29T12:00:00,"{""ok"": true}",,pending,1,IK-f101afd9-4,seed-inss-based,2025-10-04T12:00:00,2025-10-04T12:00:00
b260389c-bf7b-459f-8588-477ea2ccc2b9,inbound,disbursement.settled,payment,f8b90707-c0ce-4365-ae5d-f1a6ab58db21,2025-09-16T12:00:00,"{""ok"": true}",,pending,2,IK-127956f3-9,seed-inss-based,2025-10-04T12:00:00,2025-10-04T12:00:00
f3cb1cf3-a980-4c03-981c-83994e28a386,inbound,kyc.updated,disbursement,11dc5e39-6c0c-4681-b709-e70dda422401,2025-09-27T12:00:00,"{""ok"": true}",,processed,0,IK-b9e6fa20-3,seed-inss-based,2025-10-04T12:00:00,2025-10-04T12:00:00
6719fa47-0057-481a-a75a-681c88562601,outbound,payment.settled,kyc,3e484be4-e251-4397-917d-993823f5b1f2,2025-09-26T12:00:00,"{""ok"": true}",,pending,2,IK-a6001fc3-7,seed-inss-based,2025-10-04T12:00:00,2025-10-04T12:00:00
d325f613-71d2-4939-b9b2-dbefbddddcd5,inbound,payment.settled,kyc,1cdb757c-53f8-49e6-90bb-a9ad053b3d89,2025-09-10T12:00:00,"{""ok"": true}",,pending,1,IK-6c3f54bf-2,seed-inss-based,2025-10-04T12:00:00,2025-10-04T12:00:00
59774d3c-e798-4d8e-aa40-ff505e66f94d,inbound,contract.signed,contract,ce36f058-4f69-45a1-8cc6-4b3d4d2b0351,2025-09-15T12:00:00,"{""ok"": true}",,processed,1,IK-d581b350-9,seed-inss-based,2025-10-04T12:00:00,2025-10-04T12:00:00
6729a9a9-b1a7-4468-94a4-d36fed3358d3,inbound,contract.signed,contract,c3feeef8-f863-45f1-87b7-dd57d75e3542,2025-09-24T12:00:00,"{""ok"": true}",,processed,1,IK-e3b17297-3,seed-inss-based,2025-10-04T12:00:00,2025-10-04T12:00:00
f9585b36-8a48-4da9-977c-f885cec47ef7,outbound,disbursement.settled,contract,61ff7c09-09c9-4417-88aa-4bcfd144c354,2025-09-21T12:00:00,"{""ok"": true}",,processed,3,IK-6ea6a08d-9,seed-inss-based,2025-10-04T12:00:00,2025-10-04T12:00:00
c17547b4-c2eb-4dd6-803a-c6a16c699163,inbound,contract.signed,kyc,9e643d43-b783-4aac-b3cd-06b438248c75,2025-09-04T12:00:00,"{""ok"": true}",,processed,0,IK-25a606ab-5,seed-inss-based,2025-10-04T12:00:00,2025-10-04T12:00:00
afcc2b2b-5664-4972-9ea5-e39dbaf52dc2,inbound,contract.signed,payment,201b5d3e-7134-49f7-a772-345e05e266b2,2025-10-01T12:00:00,"{""ok"": true}",,processed,2,IK-4fbdda76-0,seed-inss-based,2025-10-04T12:00:00,2025-10-04T12:00:00
29b97877-d7be-4757-8bb6-d13cbea34fba,inbound,contract.signed,kyc,d11beb40-052a-438f-9753-c29078a5abfa,2025-09-27T12:00:00,"{""ok"": true}",,processed,0,IK-ee00c29f-0,seed-inss-based,2025-10-04T12:00:00,2025-10-04T12:00:00
ce7a32a7-353b-4383-be21-84c4998414ee,outbound,contract.signed,disbursement,2f5205a6-b475-40ee-bf3a-415060edfd07,2025-09-08T12:00:00,"{""ok"": true}",,pending,2,IK-2f955e6b-c,seed-inss-based,2025-10-04T12:00:00,2025-10-04T12:00:00
b9729a93-fb87-4bd0-9728-633ff8756bed,outbound,payment.settled,contract,30565275-cebb-4620-9bc8-9f4529f6fac3,2025-09-15T12:00:00,"{""ok"": true}",,pending,2,IK-bf101f0b-a,seed-inss-based,2025-10-04T12:00:00,2025-10-04T12:00:00
a241e836-52ab-41c0-b0d5-096575935642,inbound,disbursement.settled,disbursement,260c6f05-6765-4eda-987f-8235857dd1fb,2025-09-13T12:00:00,"{""ok"": true}",,processed,0,IK-c84f69f0-f,seed-inss-based,2025-10-04T12:00:00,2025-10-04T12:00:00
22128e81-933d-49ab-88bb-3e8becc9cd17,inbound,disbursement.settled,disbursement,c62c5862-e71b-4c62-91f2-f71d9e89a9a3,2025-09-22T12:00:00,"{""ok"": true}",,pending,1,IK-b18b968e-e,seed-inss-based,2025-10-04T12:00:00,2025-10-04T12:00:00
d955823a-80f2-4151-843b-be24b400ee48,inbound,kyc.updated,contract,872f2fd7-b6d5-4590-9dc5-286117b60fa6,2025-09-29T12:00:00,"{""ok"": true}",,pending,2,IK-9a09b1cf-2,seed-inss-based,2025-10-04T12:00:00,2025-10-04T12:00:00
7a540f35-4664-4bc7-8a7c-22696bd70429,inbound,disbursement.settled,kyc,5abd3e2b-0179-4304-b9de-60af60dcf42f,2025-09-21T12:00:00,"{""ok"": true}",,processed,1,IK-c8ce7ee6-7,seed-inss-based,2025-10-04T12:00:00,2025-10-04T12:00:00
920f1f57-b602-416b-a999-f7a7d0cfe6d7,inbound,kyc.updated,payment,a470dedf-0aaa-4abe-b97f-678141a5eebb,2025-09-29T12:00:00,"{""ok"": true}",,pending,2,IK-1c4f54da-a,seed-inss-based,2025-10-04T12:00:00,2025-10-04T12:00:00
c758e8ff-3e19-4485-9ffe-29bbd84730a7,inbound,contract.signed,payment,783dd2ed-a87b-4691-b5ac-05c2484e2345,2025-10-04T12:00:00,"{""ok"": true}",,pending,3,IK-a60c6fdd-7,seed-inss-based,2025-10-04T12:00:00,2025-10-04T12:00:00
9efa2974-fc01-451f-8062-091f46b4480d,inbound,contract.signed,disbursement,106a35af-5f99-4893-a15d-0a2f77211986,2025-09-21T12:00:00,"{""ok"": true}",,processed,1,IK-33d6395a-8,seed-inss-based,2025-10-04T12:00:00,2025-10-04T12:00:00
6f3dcc5d-5a52-496a-a9e3-1afc2130c683,inbound,kyc.updated,contract,ccf98a16-1cb5-4d8c-87bd-d958c4418efc,2025-09-04T12:00:00,"{""ok"": true}",,pending,3,IK-09730077-e,seed-inss-based,2025-10-04T12:00:00,2025-10-04T12:00:00
d5bb7bec-27aa-488c-84df-8b5021796553,inbound,contract.signed,payment,7b8c891e-ff5a-4e49-9601-9fb78769cab7,2025-09-23T12:00:00,"{""ok"": true}",,processed,1,IK-3cf5fa73-7,seed-inss-based,2025-10-04T12:00:00,2025-10-04T12:00:00
d3fbc37b-d068-42c5-b593-1def00aabd88,inbound,disbursement.settled,contract,a157ce59-7ebb-411f-acdc-be36f5d48716,2025-09-29T12:00:00,"{""ok"": true}",,pending,2,IK-ae29d4f5-8,seed-inss-based,2025-10-04T12:00:00,2025-10-04T12:00:00
1dff87f6-096d-41df-be59-712695963d7e,outbound,disbursement.settled,kyc,398b83f2-7ab0-4ff7-b2c9-79492545baad,2025-09-08T12:00:00,"{""ok"": true}",,processed,2,IK-7f1da456-4,seed-inss-based,2025-10-04T12:00:00,2025-10-04T12:00:00
d0ca7314-d8bb-4628-a09f-cdfdf7c6b364,outbound,contract.signed,kyc,0884890a-bc31-4e9c-adaf-51112726226a,2025-09-17T12:00:00,"{""ok"": true}",,processed,0,IK-dbf5a9f1-5,seed-inss-based,2025-10-04T12:00:00,2025-10-04T12:00:00
1bb5364a-2e59-42ab-ba8f-6b8a28902d79,inbound,disbursement.settled,contract,0ae72129-f62c-4246-90d3-b295967168cc,2025-09-09T12:00:00,"{""ok"": true}",,pending,1,IK-f2a74d86-5,seed-inss-based,2025-10-04T12:00:00,2025-10-04T12:00:00
f4e720d5-3ebd-466d-a645-1f580b337bc5,outbound,kyc.updated,kyc,0b78f6f8-5792-42b9-91a4-959a3cd080ee,2025-09-18T12:00:00,"{""ok"": true}",,processed,0,IK-0cf8f9c1-4,seed-inss-based,2025-10-04T12:00:00,2025-10-04T12:00:00
fe0e4816-2e89-4995-9362-d5cff925c228,inbound,payment.settled,payment,5f8f1131-8366-4dcf-bb03-7d00e69cd604,2025-09-04T12:00:00,"{""ok"": true}",,processed,1,IK-d7c96eb2-a,seed-inss-based,2025-10-04T12:00:00,2025-10-04T12:00:00
c9a303f1-046d-4b24-b0e6-9273d9018f57,inbound,contract.signed,kyc,952b5420-2381-4d25-9376-c1f3fb9d33ac,2025-09-15T12:00:00,"{""ok"": true}",,pending,1,IK-56e0e986-0,seed-inss-based,2025-10-04T12:00:00,2025-10-04T12:00:00
25d44c6a-4230-4404-93fe-4f19c2eebeb4,outbound,payment.settled,contract,8e84ab88-afb3-4371-a6c7-8301ee5be933,2025-10-01T12:00:00,"{""ok"": true}",,processed,3,IK-90de623c-5,seed-inss-based,2025-10-04T12:00:00,2025-10-04T12:00:00
5b2b9eb0-11a3-436c-9483-7718e009b259,inbound,disbursement.settled,kyc,d33ab1e8-0e1e-4c97-8c70-6ca0a1131cd7,2025-09-16T12:00:00,"{""ok"": true}",,processed,1,IK-c68fef8c-5,seed-inss-based,2025-10-04T12:00:00,2025-10-04T12:00:00
e0928dec-ea18-4316-bbf7-a6008861e8a6,outbound,disbursement.settled,disbursement,6049f5a8-0379-4cb5-be88-866a1118cd1c,2025-09-24T12:00:00,"{""ok"": true}",,processed,1,IK-ebcb5d82-2,seed-inss-based,2025-10-04T12:00:00,2025-10-04T12:00:00
5c9c60f1-9503-4d2d-a732-2439dec6e7ca,outbound,disbursement.settled,kyc,81111eeb-0bd0-411d-9c11-a1e13ec34e2b,2025-09-18T12:00:00,"{""ok"": true}",,pending,3,IK-ceb0130e-5,seed-inss-based,2025-10-04T12:00:00,2025-10-04T12:00:00
25043498-021c-4d16-8e0a-e04f24963575,inbound,contract.signed,contract,0470d448-0bc6-4be5-995c-1edcc7bb2345,2025-09-23T12:00:00,"{""ok"": true}",,pending,2,IK-b9755aff-d,seed-inss-based,2025-10-04T12:00:00,2025-10-04T12:00:00
11d7f00c-3a39-4adf-9050-4c92a8a5163b,outbound,payment.settled,disbursement,936d523e-4016-4229-9052-c2a1588bfee3,2025-09-29T12:00:00,"{""ok"": true}",,pending,3,IK-ed742409-0,seed-inss-based,2025-10-04T12:00:00,2025-10-04T12:00:00
141867ce-f554-4a2d-acdf-fc9a3fb1a236,inbound,contract.signed,contract,b0e08558-f933-4085-aa3e-c69dd2153056,2025-09-26T12:00:00,"{""ok"": true}",,processed,2,IK-a7a62220-4,seed-inss-based,2025-10-04T12:00:00,2025-10-04T12:00:00
161ed700-4808-48e5-80ea-87204b29f636,inbound,kyc.updated,payment,036062cc-ef78-4472-968d-11880676e040,2025-09-21T12:00:00,"{""ok"": true}",,processed,2,IK-c0762c55-2,seed-inss-based,2025-10-04T12:00:00,2025-10-04T12:00:00
779be478-ce7c-4b3b-9530-d8de3b5f1aa3,inbound,payment.settled,disbursement,00b64dd8-4bbb-4a0a-b3f4-332eabf95bdd,2025-09-10T12:00:00,"{""ok"": true}",,processed,0,IK-3dce929b-b,seed-inss-based,2025-10-04T12:00:00,2025-10-04T12:00:00
42ce2b58-0f26-47f1-a8f4-b9d8d6dc0ba4,inbound,payment.settled,kyc,94afd8bf-a9a4-4396-9895-b49dc35b5688,2025-09-10T12:00:00,"{""ok"": true}",,pending,2,IK-cc2ea374-9,seed-inss-based,2025-10-04T12:00:00,2025-10-04T12:00:00
f1990217-0da1-46e2-81ba-4a3a9cf46cb2,outbound,disbursement.settled,payment,71e12b5f-0385-4c75-bfd6-815c42e97171,2025-09-21T12:00:00,"{""ok"": true}",,pending,3,IK-1890aeaa-5,seed-inss-based,2025-10-04T12:00:00,2025-10-04T12:00:00
767e378b-13f8-47de-9fa7-5cbba883b28f,inbound,disbursement.settled,contract,662f8ec3-7e1d-4ec1-b543-1f6f367cd116,2025-09-20T12:00:00,"{""ok"": true}",,pending,1,IK-dad144bd-e,seed-inss-based,2025-10-04T12:00:00,2025-10-04T12:00:00
d43ffa56-2875-464b-9269-97744c2b6583,inbound,contract.signed,contract,d8cbf962-ef32-4e1a-893f-cd2e18bf7666,2025-09-15T12:00:00,"{""ok"": true}",,pending,1,IK-76d309a3-b,seed-inss-based,2025-10-04T12:00:00,2025-10-04T12:00:00
4f8cf469-0bb7-4338-a009-f9e98fd505ae,outbound,disbursement.settled,payment,cf05a3ca-3e49-43eb-ae6a-0cb1d35ed3a7,2025-09-27T12:00:00,"{""ok"": true}",,processed,2,IK-b4fe6975-4,seed-inss-based,2025-10-04T12:00:00,2025-10-04T12:00:00
fc022178-3d6d-4969-b18f-cef6f64eb7ed,inbound,disbursement.settled,contract,003ba8f0-6eec-42db-ad2a-e866769ee38b,2025-09-21T12:00:00,"{""ok"": true}",,processed,2,IK-07ff9dc6-3,seed-inss-based,2025-10-04T12:00:00,2025-10-04T12:00:00
8db3ac02-669f-4a37-a49c-a93c625f60ee,outbound,disbursement.settled,disbursement,94a7148e-b1cb-43e8-8e51-906e477d0581,2025-09-07T12:00:00,"{""ok"": true}",,processed,1,IK-c681daeb-1,seed-inss-based,2025-10-04T12:00:00,2025-10-04T12:00:00
f85509da-5ddd-4206-b3f2-e048f45d2d49,inbound,disbursement.settled,disbursement,11dc3781-2cfb-44ae-b803-1d41467567dc,2025-09-27T12:00:00,"{""ok"": true}",,pending,0,IK-7929db6b-f,seed-inss-based,2025-10-04T12:00:00,2025-10-04T12:00:00
19412644-4265-4e04-9bc9-f2f086e4d2bb,inbound,kyc.updated,payment,67b022d2-a6f5-4e21-b03d-b63f425be017,2025-09-09T12:00:00,"{""ok"": true}",,pending,1,IK-ce0a8462-c,seed-inss-based,2025-10-04T12:00:00,2025-10-04T12:00:00
20378aa8-1963-45ba-a365-1880681895b5,inbound,contract.signed,kyc,df591463-241a-411e-a72e-07bf2494e639,2025-10-03T12:00:00,"{""ok"": true}",,pending,1,IK-89c9717b-f,seed-inss-based,2025-10-04T12:00:00,2025-10-04T12:00:00
8ecaa003-cf52-4380-8e8e-2cf81506d57e,inbound,payment.settled,kyc,75afd514-db9f-4c4c-9db9-7d89d89e7ecb,2025-09-20T12:00:00,"{""ok"": true}",,processed,0,IK-00eb5dd1-f,seed-inss-based,2025-10-04T12:00:00,2025-10-04T12:00:00
a06fe808-62f9-4ebe-84c9-002e3671bd3e,inbound,kyc.updated,payment,0c6f503e-e1d3-4cff-aa0f-ad08d3defba9,2025-09-24T12:00:00,"{""ok"": true}",,processed,0,IK-e5a303c3-c,seed-inss-based,2025-10-04T12:00:00,2025-10-04T12:00:00
7a44dade-5d00-43de-93e4-8a947de8b110,outbound,kyc.updated,kyc,7d124c1b-558f-46ae-b9ed-39730fb3e4e1,2025-09-18T12:00:00,"{""ok"": true}",,pending,0,IK-13d9dc3f-d,seed-inss-based,2025-10-04T12:00:00,2025-10-04T12:00:00
1495c40b-b6f9-40a3-ba99-9e670736abe3,outbound,payment.settled,kyc,2dcc1e94-2d13-4d07-8e7f-73ac9afbfa10,2025-09-04T12:00:00,"{""ok"": true}",,pending,3,IK-5644ac98-b,seed-inss-based,2025-10-04T12:00:00,2025-10-04T12:00:00
5216655c-a405-4d53-9be1-e0a8fb349579,outbound,payment.settled,payment,bbb3dda2-6c8c-455f-bb06-a80a8b88111c,2025-09-29T12:00:00,"{""ok"": true}",,processed,2,IK-29fd6a1a-e,seed-inss-based,2025-10-04T12:00:00,2025-10-04T12:00:00
e1161556-0064-4a8b-9cf7-b5abd8254808,outbound,kyc.updated,kyc,65e497ec-c7a5-48b8-9ae1-3d5c118192fe,2025-09-11T12:00:00,"{""ok"": true}",,pending,1,IK-29dbce49-6,seed-inss-based,2025-10-04T12:00:00,2025-10-04T12:00:00
9ee1ccf5-9c16-4a05-92d7-dfbb469f7b69,inbound,kyc.updated,payment,d43aae16-7b2e-4b19-9033-e8bc6ec51c5f,2025-09-25T12:00:00,"{""ok"": true}",,pending,1,IK-e83be8c7-4,seed-inss-based,2025-10-04T12:00:00,2025-10-04T12:00:00
e49c0015-dcc7-408a-a6ed-37ac76ad5895,outbound,payment.settled,kyc,55846427-10ff-4eaa-af88-0326cd47cd86,2025-09-19T12:00:00,"{""ok"": true}",,pending,1,IK-77bb4403-2,seed-inss-based,2025-10-04T12:00:00,2025-10-04T12:00:00
b4921238-04df-45f7-bec4-25ddf2cebe43,outbound,kyc.updated,contract,6e65c7e6-595b-4fbd-bafe-7c0069a15eef,2025-09-17T12:00:00,"{""ok"": true}",,processed,3,IK-2877e792-7,seed-inss-based,2025-10-04T12:00:00,2025-10-04T12:00:00
a7f9ebac-ef6d-47d1-8b55-f5f72a34f579,inbound,contract.signed,contract,8ea0ba8d-f05f-41ef-9920-90aef1479bdb,2025-09-12T12:00:00,"{""ok"": true}",,pending,1,IK-d6450960-7,seed-inss-based,2025-10-04T12:00:00,2025-10-04T12:00:00
f983dcdc-61f5-4338-bdfc-39c6ba2a219c,outbound,contract.signed,disbursement,8b391baa-1a3c-40ff-abf4-6916f380961a,2025-09-30T12:00:00,"{""ok"": true}",,processed,3,IK-b418d53c-7,seed-inss-based,2025-10-04T12:00:00,2025-10-04T12:00:00
d1f81489-e28c-4369-b91a-2f8a71221bd3,inbound,disbursement.settled,payment,a4f7c5c7-31c0-4a85-8786-dad61184ba3f,2025-09-18T12:00:00,"{""ok"": true}",,pending,0,IK-ec19e29e-6,seed-inss-based,2025-10-04T12:00:00,2025-10-04T12:00:00
f58996c3-9d23-4e97-992e-db7a9a4c947a,inbound,disbursement.settled,kyc,ae7d383f-4111-451c-b7c5-022a422b76ab,2025-09-23T12:00:00,"{""ok"": true}",,pending,1,IK-91af9319-7,seed-inss-based,2025-10-04T12:00:00,2025-10-04T12:00:00
0b4fa4af-1dc0-4fb9-b735-44c86bb64ef3,inbound,payment.settled,payment,64efbf95-5018-4d9e-8da9-7334ef77b02e,2025-09-21T12:00:00,"{""ok"": true}",,pending,0,IK-464fc0df-4,seed-inss-based,2025-10-04T12:00:00,2025-10-04T12:00:00
56e3c545-edf8-47a4-8802-22206101123c,inbound,contract.signed,disbursement,5612da75-7192-4bbc-9b12-5a0cc861a489,2025-09-26T12:00:00,"{""ok"": true}",,pending,2,IK-58177b7e-7,seed-inss-based,2025-10-04T12:00:00,2025-10-04T12:00:00
e00f4248-c043-4d65-be03-536657147b86,inbound,disbursement.settled,kyc,caff6a73-a83d-4d26-82ce-2abf0b30a5a2,2025-10-02T12:00:00,"{""ok"": true}",,pending,0,IK-7da49ae9-2,seed-inss-based,2025-10-04T12:00:00,2025-10-04T12:00:00
52581ca3-3633-409f-b3a3-fc4785a55d34,inbound,disbursement.settled,contract,d9e7b83a-1315-4e25-9c5a-87fde559c240,2025-09-09T12:00:00,"{""ok"": true}",,pending,3,IK-28fdde47-0,seed-inss-based,2025-10-04T12:00:00,2025-10-04T12:00:00
64023b39-8001-4153-ac3a-452d3d30058e,outbound,disbursement.settled,kyc,9722fea2-4033-4d36-a675-42ea3e23a56a,2025-09-11T12:00:00,"{""ok"": true}",,pending,1,IK-640d9426-0,seed-inss-based,2025-10-04T12:00:00,2025-10-04T12:00:00
e3db6ce1-b5ce-4d06-9330-be9669b0e238,inbound,kyc.updated,disbursement,8bb17711-5cbe-43ce-88aa-9c7790ef4a8a,2025-09-15T12:00:00,"{""ok"": true}",,processed,2,IK-0c77acde-8,seed-inss-based,2025-10-04T12:00:00,2025-10-04T12:00:00
ad179f9e-f512-4812-af2d-0bf852385d07,inbound,kyc.updated,payment,321bf5fb-00b8-42b9-b3fa-3636cb487245,2025-09-17T12:00:00,"{""ok"": true}",,pending,3,IK-6270e946-1,seed-inss-based,2025-10-04T12:00:00,2025-10-04T12:00:00
c260e32e-c558-4aca-8557-c977debd28b2,outbound,contract.signed,kyc,92b33a82-b9ca-4407-b81c-684bca5d013a,2025-09-17T12:00:00,"{""ok"": true}",,processed,1,IK-6d14e743-c,seed-inss-based,2025-10-04T12:00:00,2025-10-04T12:00:00
71e07850-bb0d-40c6-bedf-268cc5bdd04a,inbound,disbursement.settled,contract,cbd2469c-b722-433f-bd2b-e1edd7022d3a,2025-09-29T12:00:00,"{""ok"": true}",,pending,2,IK-1b358dc8-9,seed-inss-based,2025-10-04T12:00:00,2025-10-04T12:00:00
2d02b47a-8c80-472e-972b-9fd3928c3e69,inbound,contract.signed,kyc,156a5a51-23e5-4406-887a-e123f2763ff5,2025-09-12T12:00:00,"{""ok"": true}",,pending,2,IK-c1e1994f-5,seed-inss-based,2025-10-04T12:00:00,2025-10-04T12:00:00
0e775848-5879-4f28-919a-753c478a82e6,inbound,contract.signed,payment,bdde4981-5132-496f-bfae-17d6242e55e3,2025-09-10T12:00:00,"{""ok"": true}",,processed,2,IK-c5f00d88-0,seed-inss-based,2025-10-04T12:00:00,2025-10-04T12:00:00
f25df5b7-16a6-40b5-a694-baa28d236dab,outbound,kyc.updated,kyc,b4250894-d4a2-4118-9fb9-afd30df42249,2025-10-03T12:00:00,"{""ok"": true}",,pending,3,IK-8dd2e6be-7,seed-inss-based,2025-10-04T12:00:00,2025-10-04T12:00:00
0d6840df-fece-42a9-bfd4-cb7eb2c5401a,inbound,disbursement.settled,disbursement,415c11d4-da3e-4b32-b412-286abe66eea8,2025-09-11T12:00:00,"{""ok"": true}",,pending,0,IK-6638f68c-4,seed-inss-based,2025-10-04T12:00:00,2025-10-04T12:00:00
60356896-3751-42d7-8d35-0e7d6db542d1,inbound,kyc.updated,contract,5e9f1f59-f470-4b56-8f35-9ee55653933b,2025-09-26T12:00:00,"{""ok"": true}",,processed,0,IK-ef88017f-1,seed-inss-based,2025-10-04T12:00:00,2025-10-04T12:00:00
51f43780-6d90-4ace-a722-f5974daeb4f0,outbound,payment.settled,disbursement,0e445d4b-8c2e-4df6-85d9-4fc53a18d242,2025-09-18T12:00:00,"{""ok"": true}",,pending,0,IK-373551d1-6,seed-inss-based,2025-10-04T12:00:00,2025-10-04T12:00:00
ce217d5f-4938-402a-85b6-5654f834d945,outbound,kyc.updated,disbursement,ff1c9381-47df-4e7d-a8af-4c45b0ac667b,2025-09-12T12:00:00,"{""ok"": true}",,processed,1,IK-1ddaade0-2,seed-inss-based,2025-10-04T12:00:00,2025-10-04T12:00:00
fae0a398-7a5f-4e75-b5c9-5aa60df0f2fa,outbound,payment.settled,payment,4ffce131-31ba-4964-b3a3-a4c8a7d8365a,2025-10-03T12:00:00,"{""ok"": true}",,pending,3,IK-24e6b858-8,seed-inss-based,2025-10-04T12:00:00,2025-10-04T12:00:00
488af4b8-915d-4c79-9e58-8faea540001f,outbound,contract.signed,contract,cb71c513-ea0e-41a1-9b45-2975fd118a40,2025-09-25T12:00:00,"{""ok"": true}",,pending,0,IK-0441cd31-b,seed-inss-based,2025-10-04T12:00:00,2025-10-04T12:00:00
32389543-069c-4df7-bd63-3c0662f8cdd0,outbound,payment.settled,payment,2e00a839-4ee1-4490-ac29-9529de867083,2025-09-05T12:00:00,"{""ok"": true}",,processed,2,IK-61d80b2b-0,seed-inss-based,2025-10-04T12:00:00,2025-10-04T12:00:00
dfa74a54-d54f-4b5e-a172-df67bdb28063,inbound,disbursement.settled,contract,31da5669-4b00-419b-9e9b-03837e049f22,2025-09-10T12:00:00,"{""ok"": true}",,pending,2,IK-98095287-d,seed-inss-based,2025-10-04T12:00:00,2025-10-04T12:00:00
e09e8a82-c94d-4960-b4f8-519b55b1cf14,inbound,payment.settled,payment,43921769-7f75-4682-9798-243950602389,2025-09-12T12:00:00,"{""ok"": true}",,processed,3,IK-add4294f-f,seed-inss-based,2025-10-04T12:00:00,2025-10-04T12:00:00
2ed67869-4b22-4516-9b21-fd5490246b95,inbound,kyc.updated,contract,6f2cc31e-68aa-4f4d-94f6-6196e2ea28fd,2025-09-17T12:00:00,"{""ok"": true}",,processed,3,IK-a40adbae-d,seed-inss-based,2025-10-04T12:00:00,2025-10-04T12:00:00
7f9f8d60-a6ab-4ee4-b92e-04cf47fe07ac,outbound,kyc.updated,payment,94d02e6d-3ddb-43e4-8ff9-2ca3a25c246c,2025-10-03T12:00:00,"{""ok"": true}",,processed,2,IK-7c13cec3-3,seed-inss-based,2025-10-04T12:00:00,2025-10-04T12:00:00
3654e5b9-afbe-48fb-9932-670aac9883df,inbound,payment.settled,contract,906791c4-dfe7-413d-9a38-572d3cc769fd,2025-09-27T12:00:00,"{""ok"": true}",,processed,3,IK-bc293841-f,seed-inss-based,2025-10-04T12:00:00,2025-10-04T12:00:00
a421091e-a763-479e-943c-10e08c03363f,inbound,disbursement.settled,contract,5e1bdc53-b092-409e-ac58-2296299a094d,2025-09-09T12:00:00,"{""ok"": true}",,processed,1,IK-ece404f5-d,seed-inss-based,2025-10-04T12:00:00,2025-10-04T12:00:00
23e1b731-03ca-4d4e-a99a-d38f03243077,outbound,payment.settled,contract,5d3865f3-bb2b-486c-b5c5-1b42927007b9,2025-09-14T12:00:00,"{""ok"": true}",,processed,0,IK-bc25f190-4,seed-inss-based,2025-10-04T12:00:00,2025-10-04T12:00:00
f22c45a6-d4ac-449e-acb2-25c0c71268ec,outbound,payment.settled,contract,972d38c6-cd6d-4145-b400-2986e8930f62,2025-09-17T12:00:00,"{""ok"": true}",,processed,1,IK-12574ffe-6,seed-inss-based,2025-10-04T12:00:00,2025-10-04T12:00:00
c06d25c3-5253-484d-ac5b-a2b358da106f,outbound,disbursement.settled,payment,82811ec5-737b-4162-b515-93cee6637fbc,2025-09-07T12:00:00,"{""ok"": true}",,pending,0,IK-a860b517-1,seed-inss-based,2025-10-04T12:00:00,2025-10-04T12:00:00
75753ae7-dcc3-477b-b9d0-c7c03fcf778d,inbound,disbursement.settled,payment,d6cc4624-3f7e-4c5d-89f5-f3121d5a4266,2025-09-25T12:00:00,"{""ok"": true}",,pending,3,IK-33139e61-c,seed-inss-based,2025-10-04T12:00:00,2025-10-04T12:00:00
b1cf5130-7b80-457d-9fe9-4026d9ab50b2,inbound,contract.signed,contract,e168eb07-1c7b-4575-bc7e-40a1407d8a99,2025-09-24T12:00:00,"{""ok"": true}",,processed,2,IK-e799171a-5,seed-inss-based,2025-10-04T12:00:00,2025-10-04T12:00:00
f896b30e-d7e6-488c-9062-dea9eb575a20,inbound,disbursement.settled,disbursement,6d4cec09-88dc-4bb6-a592-ba815f258cee,2025-09-25T12:00:00,"{""ok"": true}",,pending,3,IK-c583f686-6,seed-inss-based,2025-10-04T12:00:00,2025-10-04T12:00:00
f3560d63-4b0d-4844-830a-5d6d1f562c23,outbound,disbursement.settled,kyc,ed765c31-1810-4cc5-9c48-71cf47b1b9ec,2025-09-14T12:00:00,"{""ok"": true}",,processed,0,IK-509e94e3-b,seed-inss-based,2025-10-04T12:00:00,2025-10-04T12:00:00
6719f2b8-6500-456c-8786-b657705c4f5e,inbound,kyc.updated,payment,32939d03-8e3c-4874-8cab-df0e837e3c66,2025-09-06T12:00:00,"{""ok"": true}",,processed,0,IK-6ec43db6-2,seed-inss-based,2025-10-04T12:00:00,2025-10-04T12:00:00
529da57f-9cd6-430c-b631-aca98bfca943,outbound,disbursement.settled,payment,cbbb6a02-aa34-4afb-ac5a-8d3cab528426,2025-09-14T12:00:00,"{""ok"": true}",,processed,0,IK-ee2d66d2-5,seed-inss-based,2025-10-04T12:00:00,2025-10-04T12:00:00
6f7bce48-9f33-4797-98a6-b04ba68fc546,outbound,kyc.updated,payment,bf5c744b-dcf6-4dda-a464-2d8ca9d97118,2025-09-11T12:00:00,"{""ok"": true}",,pending,0,IK-d88dbe93-1,seed-inss-based,2025-10-04T12:00:00,2025-10-04T12:00:00
2951ef11-de98-47e3-8e28-a0125e944207,inbound,contract.signed,payment,e874ed96-d275-4f1d-9abd-2592d14ca760,2025-09-23T12:00:00,"{""ok"": true}",,processed,0,IK-4b6ad44a-a,seed-inss-based,2025-10-04T12:00:00,2025-10-04T12:00:00
509fef74-ea7f-4d3e-ba07-1eac32198271,outbound,kyc.updated,payment,6dc122f3-a2f0-4c34-929c-596b78a93488,2025-09-07T12:00:00,"{""ok"": true}",,pending,3,IK-4e44c27e-c,seed-inss-based,2025-10-04T12:00:00,2025-10-04T12:00:00
e10c4f51-5839-429b-a16c-20f9e3ce0428,inbound,payment.settled,contract,b967b44e-40e0-4877-9be3-ca5dab6830f7,2025-09-11T12:00:00,"{""ok"": true}",,processed,2,IK-0b156ffc-9,seed-inss-based,2025-10-04T12:00:00,2025-10-04T12:00:00
0772983b-8765-4329-a48a-5899fbc39d26,inbound,payment.settled,kyc,27306aa4-1a99-4427-a723-03d3c54122e5,2025-09-17T12:00:00,"{""ok"": true}",,pending,0,IK-7bee51ea-0,seed-inss-based,2025-10-04T12:00:00,2025-10-04T12:00:00
44d6f431-29f7-4e0a-bd5b-81d1de03897c,outbound,kyc.updated,disbursement,3a0e88c4-9966-4549-b408-79c31471598c,2025-10-01T12:00:00,"{""ok"": true}",,pending,1,IK-94bc1a3b-3,seed-inss-based,2025-10-04T12:00:00,2025-10-04T12:00:00
1c76096a-657d-41af-9732-18aa50e4d95c,outbound,disbursement.settled,kyc,60a9f75b-c777-4c71-8e27-608f7fc298b8,2025-09-09T12:00:00,"{""ok"": true}",,pending,2,IK-f4ce0091-e,seed-inss-based,2025-10-04T12:00:00,2025-10-04T12:00:00
b6675623-fd15-47db-ab19-1d230f2e0d40,outbound,payment.settled,payment,5786895e-6255-446b-b7cc-37b2b1ebe098,2025-10-03T12:00:00,"{""ok"": true}",,processed,2,IK-9a04938c-9,seed-inss-based,2025-10-04T12:00:00,2025-10-04T12:00:00
42f74abd-d77e-4841-acd1-321fccdbcf30,outbound,kyc.updated,contract,2517da7d-4e44-42ec-975e-6c849ba6139f,2025-09-30T12:00:00,"{""ok"": true}",,pending,1,IK-7eca3557-9,seed-inss-based,2025-10-04T12:00:00,2025-10-04T12:00:00
382c4966-69cd-4e98-9386-993801c21c1f,inbound,disbursement.settled,contract,d0b220fa-da42-4884-94c9-cc66484593ca,2025-09-13T12:00:00,"{""ok"": true}",,pending,3,IK-2b017225-5,seed-inss-based,2025-10-04T12:00:00,2025-10-04T12:00:00
a9a33747-84ed-4949-815c-4ad17bcb3f6f,outbound,contract.signed,contract,99caf45d-f63d-40eb-9aed-cfbcd78d544b,2025-09-08T12:00:00,"{""ok"": true}",,pending,3,IK-874b3ccf-5,seed-inss-based,2025-10-04T12:00:00,2025-10-04T12:00:00
1b6d0e0a-70f4-4042-aa67-482320748282,outbound,kyc.updated,contract,46aa75ae-7d77-4903-8f0c-2df01136b349,2025-10-01T12:00:00,"{""ok"": true}",,pending,2,IK-8aedeaeb-3,seed-inss-based,2025-10-04T12:00:00,2025-10-04T12:00:00
76e88a9c-535e-4d60-8bcd-c71e70699c36,inbound,kyc.updated,payment,bbe0b3e6-8292-4295-833c-1a0295e3b9af,2025-09-25T12:00:00,"{""ok"": true}",,processed,3,IK-58e3a7e5-b,seed-inss-based,2025-10-04T12:00:00,2025-10-04T12:00:00
2145a9f8-654a-411e-96aa-45ee75157673,outbound,contract.signed,kyc,3d1f9ecd-60f3-406b-abc8-466aefb25509,2025-09-04T12:00:00,"{""ok"": true}",,pending,1,IK-db9101b8-2,seed-inss-based,2025-10-04T12:00:00,2025-10-04T12:00:00
e8589b57-e29a-4da2-b198-43260cb76fa2,outbound,payment.settled,kyc,4e0ad1e4-a3a8-40c3-be2f-4d17ed1fbc52,2025-09-24T12:00:00,"{""ok"": true}",,pending,0,IK-edbddad8-4,seed-inss-based,2025-10-04T12:00:00,2025-10-04T12:00:00
797ec782-afb0-41e1-b772-08d067c6266f,inbound,disbursement.settled,payment,8a2a8a77-c235-4f96-8818-c3e419df737e,2025-09-17T12:00:00,"{""ok"": true}",,processed,3,IK-2a9257d3-7,seed-inss-based,2025-10-04T12:00:00,2025-10-04T12:00:00
8538c197-413b-4304-94f4-8b7b7e796b26,inbound,contract.signed,kyc,810cfe7b-27d2-4f66-be8e-d1ec11d3f347,2025-09-06T12:00:00,"{""ok"": true}",,pending,1,IK-269dab67-6,seed-inss-based,2025-10-04T12:00:00,2025-10-04T12:00:00
a679460b-5667-4fd6-8b0f-293e7b674c05,inbound,disbursement.settled,payment,380ab554-9d02-4ec9-a5be-df60a6a981b5,2025-09-05T12:00:00,"{""ok"": true}",,processed,3,IK-aced0cce-3,seed-inss-based,2025-10-04T12:00:00,2025-10-04T12:00:00
308bba00-433a-4909-834c-47718ee0b9d3,outbound,disbursement.settled,payment,5770da34-0ec3-49df-8b4e-ae884cc38f2c,2025-10-04T12:00:00,"{""ok"": true}",,processed,2,IK-30721c80-9,seed-inss-based,2025-10-04T12:00:00,2025-10-04T12:00:00
63e119e6-e293-4e43-88eb-37c67263ddb7,outbound,contract.signed,kyc,08a70aee-d616-4f00-9764-42bb319fe636,2025-09-30T12:00:00,"{""ok"": true}",,pending,3,IK-8bd26622-4,seed-inss-based,2025-10-04T12:00:00,2025-10-04T12:00:00
2306554a-0031-4cf4-89be-dccef17a5972,inbound,kyc.updated,kyc,b58fe232-4a8e-4a3e-bc9a-f39f266f972a,2025-09-05T12:00:00,"{""ok"": true}",,pending,2,IK-d7e69dd7-4,seed-inss-based,2025-10-04T12:00:00,2025-10-04T12:00:00
32dbe068-0fa7-4e37-880f-ab2fe6aae47e,outbound,kyc.updated,contract,5d9470ac-4158-4b25-9bf8-b51af4d66158,2025-09-04T12:00:00,"{""ok"": true}",,pending,3,IK-f9d9100e-5,seed-inss-based,2025-10-04T12:00:00,2025-10-04T12:00:00
2770e476-73d5-4453-8920-c04ebde0ae7b,outbound,kyc.updated,disbursement,c8244f12-96a8-41a8-8fe6-e69a72c697fc,2025-09-28T12:00:00,"{""ok"": true}",,pending,1,IK-0911c756-9,seed-inss-based,2025-10-04T12:00:00,2025-10-04T12:00:00
1764d9ae-0a45-4273-b6f6-a26def441954,inbound,kyc.updated,contract,e77afd6f-d373-443f-87f1-28bcb8c3a9c2,2025-10-04T12:00:00,"{""ok"": true}",,processed,3,IK-6a1c87ae-c,seed-inss-based,2025-10-04T12:00:00,2025-10-04T12:00:00
e0ce7602-bb8d-4432-97b0-7f5395e8d978,outbound,contract.signed,contract,87711363-e180-4e61-9e99-dbf01ff1984f,2025-09-24T12:00:00,"{""ok"": true}",,pending,2,IK-50824487-8,seed-inss-based,2025-10-04T12:00:00,2025-10-04T12:00:00
0119207d-2076-4e1e-965f-07766e589568,outbound,disbursement.settled,disbursement,0ebf5b13-76d5-48f2-a562-a8d82511b052,2025-09-05T12:00:00,"{""ok"": true}",,processed,0,IK-397ce940-1,seed-inss-based,2025-10-04T12:00:00,2025-10-04T12:00:00
e35983c1-8b8e-47ac-8748-c80e960c5358,inbound,kyc.updated,disbursement,bbf1bf4e-1b9a-4cd1-9697-6bc1ce2d43ac,2025-09-15T12:00:00,"{""ok"": true}",,pending,1,IK-dc20281f-7,seed-inss-based,2025-10-04T12:00:00,2025-10-04T12:00:00
13d48fff-8620-46a2-988d-00740c662693,outbound,contract.signed,payment,c0ad7902-57bf-446c-a153-c8dabd552557,2025-09-23T12:00:00,"{""ok"": true}",,processed,1,IK-b9358977-4,seed-inss-based,2025-10-04T12:00:00,2025-10-04T12:00:00
e8c16b9b-d284-4902-b8ba-c1322195536f,inbound,kyc.updated,payment,cdeb378c-ce60-402a-b4ea-04cbeccaca6b,2025-09-08T12:00:00,"{""ok"": true}",,processed,1,IK-9a54ef31-8,seed-inss-based,2025-10-04T12:00:00,2025-10-04T12:00:00
1c944012-fcd0-4765-938c-c3ae2c7783d2,outbound,contract.signed,contract,42538f35-506f-4e48-ba5b-75e82b14403d,2025-09-12T12:00:00,"{""ok"": true}",,processed,3,IK-1efb2f90-c,seed-inss-based,2025-10-04T12:00:00,2025-10-04T12:00:00
9904b7f2-b9bc-413d-8e3f-c4dd6af49abd,outbound,payment.settled,payment,9eceabe4-5ff1-4771-9e83-be65f5671a50,2025-09-10T12:00:00,"{""ok"": true}",,pending,2,IK-d46a0166-5,seed-inss-based,2025-10-04T12:00:00,2025-10-04T12:00:00
0819d5d1-96e6-4101-8b22-2d5a2c86ec3f,outbound,payment.settled,payment,15532c7d-1f36-4da3-9863-c00b14576df4,2025-09-09T12:00:00,"{""ok"": true}",,pending,3,IK-fb645cb5-3,seed-inss-based,2025-10-04T12:00:00,2025-10-04T12:00:00
